iso3,country,region,income_group,layer1_score,layer2_score,nis_readiness_score
ZWE,Zimbabwe,Sub-Saharan Africa,Lower middle income,83.33333333333334,70.0,76.66666666666667
VUT,Vanuatu,East Asia and Pacific,Lower middle income,83.33333333333334,70.0,76.66666666666667
AU_WESTERN_AFRICA,Western Africa (African Union),,,83.33333333333334,70.0,76.66666666666667
AU_SOUTHERN_AFRICA,Southern Africa (African Union),,,83.33333333333334,70.0,76.66666666666667
BFA,Burkina Faso,Sub-Saharan Africa,Low income,83.33333333333334,70.0,76.66666666666667
BGD,Bangladesh,South Asia,Lower middle income,83.33333333333334,70.0,76.66666666666667
UZB,Uzbekistan,Europe and Central Asia,Lower middle income,83.33333333333334,70.0,76.66666666666667
VNM,Viet Nam,East Asia and Pacific,Lower middle income,83.33333333333334,70.0,76.66666666666667
AU_EASTERN_AFRICA,Eastern Africa (African Union),,,83.33333333333334,70.0,76.66666666666667
AU_NORTHERN_AFRICA,Northern Africa (African Union),,,83.33333333333334,70.0,76.66666666666667
AU_CENTRAL_AFRICA,Central Africa (African Union),,,83.33333333333334,70.0,76.66666666666667
AU_AFRICA,African Union,,,83.33333333333334,70.0,76.66666666666667
CIV,Côte d'Ivoire,Sub-Saharan Africa,Lower middle income,83.33333333333334,70.0,76.66666666666667
BLR,Belarus,Europe and Central Asia,,83.33333333333334,70.0,76.66666666666667
AZE,Azerbaijan,Europe and Central Asia,Upper middle income,83.33333333333334,70.0,76.66666666666667
BEN,Benin,Sub-Saharan Africa,Lower middle income,83.33333333333334,70.0,76.66666666666667
GAB,Gabon,Sub-Saharan Africa,Upper middle income,83.33333333333334,70.0,76.66666666666667
UNICEF_ESA,África Oriental y Meridional,,,83.33333333333334,70.0,76.66666666666667
MKD,North Macedonia,Europe and Central Asia,Upper middle income,83.33333333333334,70.0,76.66666666666667
UNICEF_EAP,Asia Oriental y Pacífico,,,83.33333333333334,70.0,76.66666666666667
JOR,Jordan,Middle East and North Africa,Upper middle income,83.33333333333334,70.0,76.66666666666667
KEN,Kenya,Sub-Saharan Africa,Lower middle income,83.33333333333334,70.0,76.66666666666667
KGZ,Kyrgyzstan,Europe and Central Asia,Lower middle income,83.33333333333334,70.0,76.66666666666667
UNICEF_ESARO,Eastern and Southern Africa (UNICEF Prog.regions),,,83.33333333333334,70.0,76.66666666666667
UNICEF_SSA,África Subsahariana,,,83.33333333333334,70.0,76.66666666666667
UNICEF_SA,Asia Meridional,,,83.33333333333334,70.0,76.66666666666667
UNICEF_ROSA,South Asia (UNICEF Prog.regions),,,83.33333333333334,70.0,76.66666666666667
UNICEF_MENA,Oriente Medio y África del Norte,,,83.33333333333334,70.0,76.66666666666667
IND,India,South Asia,Lower middle income,83.33333333333334,70.0,76.66666666666667
GNB,Guinea-Bissau,Sub-Saharan Africa,Low income,83.33333333333334,70.0,76.66666666666667
GMB,Gambia,Sub-Saharan Africa,Low income,83.33333333333334,70.0,76.66666666666667
KHM,Cambodia,East Asia and Pacific,Lower middle income,83.33333333333334,70.0,76.66666666666667
UNICEF_WCA,África Occidental y Central,,,83.33333333333334,70.0,76.66666666666667
FJI,Fiji,East Asia and Pacific,Upper middle income,83.33333333333334,70.0,76.66666666666667
GHA,Ghana,Sub-Saharan Africa,Lower middle income,83.33333333333334,70.0,76.66666666666667
UNICEF_WCARO,West and Central Africa (UNICEF Prog.regions),,,83.33333333333334,70.0,76.66666666666667
COD,Democratic Republic of the Congo,Sub-Saharan Africa,Low income,83.33333333333334,70.0,76.66666666666667
UNSDG_LDC,Países menos adelantados,,,83.33333333333334,70.0,76.66666666666667
DZA,Algeria,Middle East and North Africa,Lower middle income,83.33333333333334,70.0,76.66666666666667
WHO_AFRO,Africa (WHO regions),,,83.33333333333334,70.0,76.66666666666667
SDGRC_ECA_SADC,(SDGRC) ECA_SADC,,,83.33333333333334,70.0,76.66666666666667
SDGRC_ECA_SA,(SDGRC) Southern Africa,,,83.33333333333334,70.0,76.66666666666667
SDGRC_ECA_O_LDC,(SDGRC) ECA_Oil LDCs,,,83.33333333333334,70.0,76.66666666666667
SDGRC_ECA_OP,(SDGRC) ECA_Oil producing economies,,,83.33333333333334,70.0,76.66666666666667
SDGRC_ECA_NOP,(SDGRC) ECA_Non-Oil Producing,,,83.33333333333334,70.0,76.66666666666667
SDGRC_ECA_NO_LDC,(SDGRC) ECA_Non-Oil LDCs,,,83.33333333333334,70.0,76.66666666666667
SDGRC_ECA_NA,(SDGRC) North Africa,,,83.33333333333334,70.0,76.66666666666667
SDGRC_ECA_MRC,(SDGRC) ECA_Mineral-rich countries,,,83.33333333333334,70.0,76.66666666666667
SDGRC_ECA_IGAD,(SDGRC) ECA_IGAD,,,83.33333333333334,70.0,76.66666666666667
SDGRC_ECA_LL_LDC,(SDGRC) ECA_Land-locked LDCs,,,83.33333333333334,70.0,76.66666666666667
SDGRC_ECA_LLC,(SDGRC) ECA_Land-locked countries,,,83.33333333333334,70.0,76.66666666666667
SDGRC_ECA_LDC,(SDGRC) ECA_Least developed countries,,,83.33333333333334,70.0,76.66666666666667
SDGRC_ECA_ECOWAS,(SDGRC) ECA_ECOWAS,,,83.33333333333334,70.0,76.66666666666667
SDGRC_ECA_IE,(SDGRC) ECA_Island economies,,,83.33333333333334,70.0,76.66666666666667
SDGRC_ECA_ECCAS,(SDGRC) ECA_ECCAS,,,83.33333333333334,70.0,76.66666666666667
SDGRC_ESCAP_ALL,ESCAP_All countries,,,83.33333333333334,70.0,76.66666666666667
SDGRC_ECA_WA,(SDGRC) West Africa,,,83.33333333333334,70.0,76.66666666666667
SDGRC_ECA_SAHEL,(SDGRC) ECA_Sahel,,,83.33333333333334,70.0,76.66666666666667
SDGRC_ECA_SSA,(SDGRC) ECA_Sub-Saharan Africa,,,83.33333333333334,70.0,76.66666666666667
AUREC_COMESA,Common Market for Eastern and Southern Africa (COMESA),,,83.33333333333334,70.0,76.66666666666667
AUREC_EAC,East African Community (EAC),,,83.33333333333334,70.0,76.66666666666667
AUREC_ECCAS,Economic Community of Central African States (ECCAS),,,83.33333333333334,70.0,76.66666666666667
AUREC_ECOWAS,Economic Community of West African States (ECOWAS),,,83.33333333333334,70.0,76.66666666666667
AUREC_IGAD,Intergovernmental Authority on Development (IGAD),,,83.33333333333334,70.0,76.66666666666667
AUREC_AMU,Arab Maghreb Union (AMU),,,83.33333333333334,70.0,76.66666666666667
AUREC_SADC,Southern African Development Community (SADC),,,83.33333333333334,70.0,76.66666666666667
WHO_EMRO,Eastern Mediterranean (WHO regions),,,83.33333333333334,70.0,76.66666666666667
WHO_SEARO,South-East Asia (WHO regions),,,83.33333333333334,70.0,76.66666666666667
SDGRC_ESCAP_CSN,ESCAP_Countries with Special Needs,,,83.33333333333334,70.0,76.66666666666667
PSE,State of Palestine,Middle East and North Africa,Lower middle income,83.33333333333334,70.0,76.66666666666667
SDGRC_AUC,(SDGRC) ECA_African Union Commission,,,83.33333333333334,70.0,76.66666666666667
RWA,Rwanda,Sub-Saharan Africa,Low income,83.33333333333334,70.0,76.66666666666667
NPL,Nepal,South Asia,Lower middle income,83.33333333333334,70.0,76.66666666666667
SDGRC_ESCWA_MASHREQ,(SDGRC) ESCWA_Mashreq subregion,,,83.33333333333334,70.0,76.66666666666667
SDGRC_ESCWA_NOCONFLICT_MID,(SDGRC) ESCWA_Non-conflict middle income countries,,,83.33333333333334,70.0,76.66666666666667
SEN,Senegal,Sub-Saharan Africa,Lower middle income,83.33333333333334,70.0,76.66666666666667
SDGRC_ESCWA_MAGHREB,(SDGRC) ESCWA_Maghreb subregion,,,83.33333333333334,70.0,76.66666666666667
SDGRC_ESCWA_ARAB_MID,(SDGRC) ESCWA_Arab Middle-Income Countries (MICs),,,83.33333333333334,70.0,76.66666666666667
SDGRC_ESCAP_WB_LOWER_MID,ESCAP_WB Lower Middle Income Economies,,,83.33333333333334,70.0,76.66666666666667
SDGRC_ECA_ALL,(SDGRC) United Nations Economic Commission for Africa,,,83.33333333333334,70.0,76.66666666666667
SDGRC_ECA_AMU,(SDGRC) ECA AMU,,,83.33333333333334,70.0,76.66666666666667
SDGRC_ECA_CA,(SDGRC) Central Africa,,,83.33333333333334,70.0,76.66666666666667
SDGRC_ECA_CEN_SAD,(SDGRC) ECA_CEN-SAD,,,83.33333333333334,70.0,76.66666666666667
SDGRC_ECA_COMESA,(SDGRC) ECA_COMESA,,,83.33333333333334,70.0,76.66666666666667
SDGRC_ECA_EA,(SDGRC) Eastern Africa,,,83.33333333333334,70.0,76.66666666666667
SDGRC_ECA_EAC,(SDGRC) ECA_EAC,,,83.33333333333334,70.0,76.66666666666667
SDGRC_ESCAP_SSWA,ESCAP_South and South-West Asia (SSWA),,,83.33333333333334,70.0,76.66666666666667
SDGRC_ESCAP_WB_LOW,ESCAP_WB Low Income Economies,,,83.33333333333334,70.0,76.66666666666667
MWI,Malawi,Sub-Saharan Africa,Low income,83.33333333333334,70.0,76.66666666666667
MOZ,Mozambique,Sub-Saharan Africa,Low income,83.33333333333334,70.0,76.66666666666667
SRB,Serbia,Europe and Central Asia,Upper middle income,83.33333333333334,70.0,76.66666666666667
SWZ,Eswatini,Sub-Saharan Africa,Lower middle income,83.33333333333334,70.0,76.66666666666667
SLE,Sierra Leone,Sub-Saharan Africa,Low income,83.33333333333334,70.0,76.66666666666667
PHL,Philippines,East Asia and Pacific,Lower middle income,83.33333333333334,70.0,76.66666666666667
THA,Thailand,East Asia and Pacific,Upper middle income,83.33333333333334,70.0,76.66666666666667
TJK,Tajikistan,Europe and Central Asia,Lower middle income,83.33333333333334,70.0,76.66666666666667
TLS,Timor-Leste,East Asia and Pacific,Lower middle income,83.33333333333334,70.0,76.66666666666667
TKM,Turkmenistan,Europe and Central Asia,Upper middle income,83.33333333333334,70.0,76.66666666666667
TUN,Tunisia,Middle East and North Africa,Lower middle income,83.33333333333334,70.0,76.66666666666667
TTO,Trinidad and Tobago,Latin America and Caribbean,High income,83.33333333333334,70.0,76.66666666666667
TZA,United Republic of Tanzania,Sub-Saharan Africa,Lower middle income,83.33333333333334,70.0,76.66666666666667
LBR,Liberia,Sub-Saharan Africa,Low income,83.33333333333334,70.0,76.66666666666667
LSO,Lesotho,Sub-Saharan Africa,Lower middle income,83.33333333333334,70.0,76.66666666666667
MDG,Madagascar,Sub-Saharan Africa,Low income,83.33333333333334,70.0,76.66666666666667
SDGRC_ESCAP_LDC,ESCAP_LDC (LDC_E),,,83.33333333333334,70.0,76.66666666666667
AUREC_CEN_SAD,Community of Sahel-Saharan States (CEN-SAD),,,83.33333333333334,70.0,76.66666666666667
SDGRC_ESCAP_LLDC,ESCAP_LLDC (LLDC_E),,,83.33333333333334,70.0,76.66666666666667
SDGRC_ESCAP_SAARC,ESCAP_SAARC (SAARC),,,83.33333333333334,70.0,76.66666666666667
UNSDG_SOUTHASIA,Southern Asia (UNSDG),,,83.33333333333334,60.0,71.66666666666667
WB_MNA,Middle East and North Africa (World Bank regions),,,83.33333333333334,60.0,71.66666666666667
SDGRC_ESCAP_ENEA,ESCAP_East and North-East Asia (ENEA),,,83.33333333333334,60.0,71.66666666666667
WB_LMI,World Bank (lower middle income),,,83.33333333333334,60.0,71.66666666666667
SDGRC_ESCAP_WB_UPPER_MID,ESCAP_WB Upper Middle Income Economies,,,83.33333333333334,60.0,71.66666666666667
WB_SAR,South Asia (World Bank regions),,,83.33333333333334,60.0,71.66666666666667
WB_SSA,Sub-Saharan Africa (World Bank regions),,,83.33333333333334,60.0,71.66666666666667
WHO_WPRO,Western Pacific (WHO regions),,,83.33333333333334,60.0,71.66666666666667
BDI,Burundi,Sub-Saharan Africa,Low income,83.33333333333334,60.0,71.66666666666667
WB_LI,World Bank (low income),,,83.33333333333334,60.0,71.66666666666667
UNSDG_ASIA,Asia (UNSDG),,,83.33333333333334,60.0,71.66666666666667
UNICEF_EAPRO,East Asia and Pacific (UNICEF Prog.regions),,,83.33333333333334,60.0,71.66666666666667
JAM,Jamaica,Latin America and Caribbean,Upper middle income,83.33333333333334,60.0,71.66666666666667
UNSDG_LLDC,Landlocked developing countries (LLDC) (UNSDG),,,83.33333333333334,60.0,71.66666666666667
UNSDG_NORTHAFR,Northern Africa (UNSDG),,,83.33333333333334,60.0,71.66666666666667
UNSDG_EASTERNAFR,Eastern Africa (UNSDG),,,83.33333333333334,60.0,71.66666666666667
UNSDG_MIDDLEAFR,Middle Africa (UNSDG),,,83.33333333333334,60.0,71.66666666666667
UNSDG_AFRICA,Africa (UNSDG),,,83.33333333333334,60.0,71.66666666666667
UNSDG_CENTRALASIASOUTHERNASIA,Central and Southern Asia (UNSDG),,,83.33333333333334,60.0,71.66666666666667
UNSDG_CENTRALASIA,Central Asia (UNSDG),,,83.33333333333334,60.0,71.66666666666667
UNSDG_SUBSAHARANAFRICA,Sub-Saharan Africa (UNSDG),,,83.33333333333334,60.0,71.66666666666667
UNSDG_REGION_GLOBAL,SDG regions - Global (UNSDG),,,83.33333333333334,60.0,71.66666666666667
UNSDG_WESTERNAFR,Western Africa (UNSDG),,,83.33333333333334,60.0,71.66666666666667
NGA,Nigeria,Sub-Saharan Africa,Lower middle income,66.66666666666666,70.0,68.33333333333333
WSM,Samoa,East Asia and Pacific,Lower middle income,66.66666666666666,70.0,68.33333333333333
TON,Tonga,East Asia and Pacific,Upper middle income,66.66666666666666,70.0,68.33333333333333
MRT,Mauritania,Sub-Saharan Africa,Lower middle income,66.66666666666666,70.0,68.33333333333333
NRU,Nauru,East Asia and Pacific,High income,66.66666666666666,70.0,68.33333333333333
ETH,Ethiopia,Sub-Saharan Africa,Low income,66.66666666666666,70.0,68.33333333333333
NER,Niger,Sub-Saharan Africa,Low income,66.66666666666666,70.0,68.33333333333333
MLI,Mali,Sub-Saharan Africa,Low income,66.66666666666666,70.0,68.33333333333333
ECU,Ecuador,Latin America and Caribbean,Upper middle income,66.66666666666666,70.0,68.33333333333333
AFG,Afghanistan,South Asia,Low income,66.66666666666666,70.0,68.33333333333333
EGY,Egypt,Middle East and North Africa,Lower middle income,66.66666666666666,70.0,68.33333333333333
UNSDG_MICRONESIA,Micronesia (UNSDG),,,83.33333333333334,50.0,66.66666666666667
URY,Uruguay,Latin America and Caribbean,High income,83.33333333333334,50.0,66.66666666666667
LAO,Lao People's Democratic Republic,East Asia and Pacific,Lower middle income,83.33333333333334,50.0,66.66666666666667
HND,Honduras,Latin America and Caribbean,Lower middle income,83.33333333333334,50.0,66.66666666666667
GUY,Guyana,Latin America and Caribbean,Upper middle income,83.33333333333334,50.0,66.66666666666667
UNSDG_EASTERNASIASOUTHEASTERNASIA,Eastern and South-Eastern Asia (UNSDG),,,83.33333333333334,50.0,66.66666666666667
WB_EAP,East Asia and Pacific (World Bank regions),,,83.33333333333334,50.0,66.66666666666667
DOM,Dominican Republic,Latin America and Caribbean,Upper middle income,83.33333333333334,50.0,66.66666666666667
CUB,Cuba,Latin America and Caribbean,Upper middle income,83.33333333333334,50.0,66.66666666666667
COM,Comoros,Sub-Saharan Africa,Lower middle income,83.33333333333334,50.0,66.66666666666667
BRA,Brazil,Latin America and Caribbean,Upper middle income,83.33333333333334,50.0,66.66666666666667
CAF,Central African Republic,Sub-Saharan Africa,Low income,83.33333333333334,50.0,66.66666666666667
ZMB,Zambia,Sub-Saharan Africa,Lower middle income,83.33333333333334,50.0,66.66666666666667
SDGRC_ECA_SIS,(SDGRC) ECA_Small Island states,,,83.33333333333334,50.0,66.66666666666667
MNG,Mongolia,East Asia and Pacific,Lower middle income,83.33333333333334,50.0,66.66666666666667
PER,Peru,Latin America and Caribbean,Upper middle income,83.33333333333334,50.0,66.66666666666667
SDGRC_ARAB,(SDGRC) ESCWA_Arab countries,,,83.33333333333334,50.0,66.66666666666667
QAT,Qatar,Middle East and North Africa,High income,83.33333333333334,50.0,66.66666666666667
WB_UMI,World Bank (upper middle income),,,83.33333333333334,50.0,66.66666666666667
UNSDG_EASTERNASIA,Eastern Asia (UNSDG),,,83.33333333333334,50.0,66.66666666666667
TCD,Chad,Sub-Saharan Africa,Low income,66.66666666666666,60.0,63.33333333333333
TUV,Tuvalu,East Asia and Pacific,Upper middle income,66.66666666666666,60.0,63.33333333333333
UNSDG_POLYNESIA,Polynesia (UNSDG),,,66.66666666666666,60.0,63.33333333333333
UNICEF_LAC,América Latina y el Caribe,,,83.33333333333334,40.0,61.66666666666667
UNICEF_ECARO,Europe and Central Asia (UNICEF Prog.regions),,,83.33333333333334,40.0,61.66666666666667
MEX,Mexico,Latin America and Caribbean,Upper middle income,83.33333333333334,40.0,61.66666666666667
WHO_AMRO,Americas (WHO regions),,,83.33333333333334,40.0,61.66666666666667
FAO_LIFDC,Low Income Food Deficit Countries (LIFDCs),,,83.33333333333334,40.0,61.66666666666667
UNSDG_CARIBBEAN,Caribbean (UNSDG),,,83.33333333333334,40.0,61.66666666666667
UNICEF_EECA,Europa del Este y Asia Central,,,83.33333333333334,40.0,61.66666666666667
UNICEF_LACRO,Latin America and the Caribbean (UNICEF Prog.regions),,,83.33333333333334,40.0,61.66666666666667
AGO,Angola,Sub-Saharan Africa,Lower middle income,83.33333333333334,40.0,61.66666666666667
UNSDG_WESTERNASIANORTHERNAFR,Northern Africa and Western Asia (UNSDG),,,83.33333333333334,40.0,61.66666666666667
UNSDG_WESTERNASIA,Western Asia (UNSDG),,,83.33333333333334,40.0,61.66666666666667
BTN,Bhutan,South Asia,Lower middle income,83.33333333333334,40.0,61.66666666666667
UNSDG_SOUTHAMR,South America (UNSDG),,,83.33333333333334,40.0,61.66666666666667
UNSDG_CENTRALAMR,Central America (UNSDG),,,83.33333333333334,40.0,61.66666666666667
SDGRC_ECLAC_CARIBBEAN,ECLAC_Carribean,,,83.33333333333334,40.0,61.66666666666667
SDGRC_ECLAC_LA,ECLAC_Latin America,,,83.33333333333334,40.0,61.66666666666667
SDGRC_ECLAC_ALL,ECLAC_All countries,,,83.33333333333334,40.0,61.66666666666667
STP,Sao Tome and Principe,Sub-Saharan Africa,Lower middle income,83.33333333333334,40.0,61.66666666666667
SLV,El Salvador,Latin America and Caribbean,Lower middle income,83.33333333333334,40.0,61.66666666666667
UGA,Uganda,Sub-Saharan Africa,Low income,50.0,70.0,60.0
SDGRC_ESCAP_ASEAN,ESCAP_ASEAN (ASEAN),,,66.66666666666666,50.0,58.33333333333333
SDGRC_ESCAP_SEA,ESCAP_South-East Asia (SEA),,,66.66666666666666,50.0,58.33333333333333
WB_LAC,Latin America and the Caribbean (World Bank regions),,,83.33333333333334,30.0,56.66666666666667
UNSDG_LAC,Latin America and the Caribbean (UNSDG),,,83.33333333333334,30.0,56.66666666666667
UNSDG_AMERICAS,Americas (UNSDG),,,83.33333333333334,30.0,56.66666666666667
LBN,Lebanon,Middle East and North Africa,Upper middle income,83.33333333333334,30.0,56.66666666666667
GTM,Guatemala,Latin America and Caribbean,Upper middle income,83.33333333333334,30.0,56.66666666666667
UNICEF_NA,América del Norte,,,83.33333333333334,30.0,56.66666666666667
UNSDG_SOUTHEASTERNASIA,South-eastern Asia (UNSDG),,,66.66666666666666,40.0,53.33333333333333
BOL,Bolivia (Plurinational State of),Latin America and Caribbean,Lower middle income,66.66666666666666,40.0,53.33333333333333
UNICEF_MENARO,Middle East and North Africa (UNICEF Prog.regions),,,66.66666666666666,40.0,53.33333333333333
MYS,Malaysia,East Asia and Pacific,Upper middle income,66.66666666666666,40.0,53.33333333333333
SDGRC_ESCAP_OTHER_AREA,ESCAP_Other Area (OTH_REGION),,,66.66666666666666,40.0,53.33333333333333
ARG,Argentina,Latin America and Caribbean,Upper middle income,66.66666666666666,40.0,53.33333333333333
GIN,Guinea,Sub-Saharan Africa,Low income,66.66666666666666,40.0,53.33333333333333
SDGRC_ESCWA_ARAB_LOW,(SDGRC) ESCWA_Arab Low-Income Countries (LICs),,,66.66666666666666,40.0,53.33333333333333
SDGRC_ESCWA_CONFLICT,(SDGRC) ESCWA_Countries in conflict,,,66.66666666666666,40.0,53.33333333333333
SDGRC_ESCWA_LDC,(SDGRC) ESCWA_Arab LDCs subregion,,,66.66666666666666,40.0,53.33333333333333
WB_NAR,North America (World Bank regions),,,83.33333333333334,20.0,51.66666666666667
UNSDG_NORTHERNAMR,Northern America (UNSDG),,,83.33333333333334,20.0,51.66666666666667
UNSDG_SIDS,Small island developing States (SIDS) (UNSDG),,,66.66666666666666,30.0,48.33333333333333
BLZ,Belize,Latin America and Caribbean,Lower middle income,66.66666666666666,30.0,48.33333333333333
GEO,Georgia,Europe and Central Asia,Upper middle income,66.66666666666666,30.0,48.33333333333333
UNICEF_ECA,Europa y Asia Central,,,66.66666666666666,30.0,48.33333333333333
KIR,Kiribati,East Asia and Pacific,Lower middle income,66.66666666666666,30.0,48.33333333333333
IDN,Indonesia,East Asia and Pacific,Lower middle income,66.66666666666666,30.0,48.33333333333333
MNE,Montenegro,Europe and Central Asia,Upper middle income,66.66666666666666,30.0,48.33333333333333
OMN,Oman,Middle East and North Africa,High income,66.66666666666666,30.0,48.33333333333333
PAK,Pakistan,South Asia,Lower middle income,66.66666666666666,30.0,48.33333333333333
SYR,Syrian Arab Republic,Middle East and North Africa,Low income,66.66666666666666,30.0,48.33333333333333
PAN,Panama,Latin America and Caribbean,High income,66.66666666666666,30.0,48.33333333333333
PRY,Paraguay,Latin America and Caribbean,Upper middle income,66.66666666666666,30.0,48.33333333333333
ROU,Romania,Europe and Central Asia,Upper middle income,66.66666666666666,30.0,48.33333333333333
SDGRC_ESCWA_GCC,ESCWA_Gulf Cooperation Council (GCC),,,66.66666666666666,30.0,48.33333333333333
SDGRC_ESCWA_ARAB_HIGH,ESCWA_Arab High-Income Countries (HICs),,,66.66666666666666,30.0,48.33333333333333
SDGRC_ECE_WESTBALKANS,ECE_West Balkans (ST7),,,66.66666666666666,30.0,48.33333333333333
SDGRC_ECE_EU_EUROAREA,ECE_Euro area (EMU),,,66.66666666666666,30.0,48.33333333333333
SDGRC_ECE_EU27,ECE_European Union (E25),,,66.66666666666666,30.0,48.33333333333333
SDGRC_ECA_SACU,(SDGRC) ECA_Southern Africa Customs Union (SACU),,,66.66666666666666,30.0,48.33333333333333
SDGRC_ESCAP_SIDS,ESCAP_Small Islands Developing States,,,66.66666666666666,30.0,48.33333333333333
SDGRC_ECE_CIS11,ECE_CIS (CWG),,,66.66666666666666,30.0,48.33333333333333
SDGRC_ECE_ALL,ECE_All countries,,,66.66666666666666,30.0,48.33333333333333
SDGRC_ECE_EECCA,"ECE_Eastern Europe, Caucasus and Central Asia (CIS)",,,66.66666666666666,30.0,48.33333333333333
WHO_EURO,Europe (WHO regions),,,66.66666666666666,30.0,48.33333333333333
SDGRC_ESCAP_PIDE,ESCAP_Pacific island developing economies (PIDE),,,66.66666666666666,30.0,48.33333333333333
SDGRC_ESCAP_PACIFIC,ESCAP_PACIFIC (PAC),,,66.66666666666666,30.0,48.33333333333333
SDGRC_ESCAP_NCA,ESCAP_North and Central Asia (NCA),,,66.66666666666666,30.0,48.33333333333333
TCA,Turks and Caicos Islands,,,33.33333333333333,60.0,46.666666666666664
YEM,Yemen,Middle East and North Africa,Low income,50.0,40.0,45.0
SDGRC_ECE_EAEU,ECE_Eurasian Economic Union (EAEU),,,66.66666666666666,20.0,43.33333333333333
MDA,Republic of Moldova,Europe and Central Asia,Lower middle income,66.66666666666666,20.0,43.33333333333333
MDV,Maldives,South Asia,Upper middle income,66.66666666666666,20.0,43.33333333333333
MUS,Mauritius,Sub-Saharan Africa,Upper middle income,66.66666666666666,20.0,43.33333333333333
AUS,Australia,East Asia and Pacific,High income,66.66666666666666,20.0,43.33333333333333
POL,Poland,Europe and Central Asia,High income,66.66666666666666,20.0,43.33333333333333
SUR,Suriname,Latin America and Caribbean,Upper middle income,66.66666666666666,20.0,43.33333333333333
MLT,Malta,Europe and Central Asia,High income,66.66666666666666,20.0,43.33333333333333
SYC,Seychelles,Sub-Saharan Africa,High income,66.66666666666666,20.0,43.33333333333333
SGP,Singapore,East Asia and Pacific,High income,66.66666666666666,20.0,43.33333333333333
PRT,Portugal,Europe and Central Asia,High income,66.66666666666666,20.0,43.33333333333333
SDGRC_ESCAP_WB_HIGH,ESCAP_WB High Income Economies,,,66.66666666666666,20.0,43.33333333333333
NAM,Namibia,Sub-Saharan Africa,Upper middle income,66.66666666666666,20.0,43.33333333333333
DEU,Germany,Europe and Central Asia,High income,66.66666666666666,20.0,43.33333333333333
UNSDG_SOUTHERNAFR,Southern Africa (UNSDG),,,66.66666666666666,20.0,43.33333333333333
UNSDG_OCEANIAexAUSNZL,Oceania (exc. Australia and New Zealand) (UNSDG),,,66.66666666666666,20.0,43.33333333333333
UNSDG_OCEANIA,Oceania (UNSDG),,,66.66666666666666,20.0,43.33333333333333
BWA,Botswana,Sub-Saharan Africa,Upper middle income,66.66666666666666,20.0,43.33333333333333
BIH,Bosnia and Herzegovina,Europe and Central Asia,Upper middle income,66.66666666666666,20.0,43.33333333333333
BRN,Brunei Darussalam,East Asia and Pacific,High income,66.66666666666666,20.0,43.33333333333333
UNSDG_SOUTHERNEUROPE,Southern Europe (UNSDG),,,66.66666666666666,20.0,43.33333333333333
USA,United States,North America,High income,66.66666666666666,20.0,43.33333333333333
WB_ECA,Europe and Central Asia (World Bank regions),,,66.66666666666666,20.0,43.33333333333333
ALB,Albania,Europe and Central Asia,Upper middle income,66.66666666666666,20.0,43.33333333333333
WB_HI,World Bank (high income),,,66.66666666666666,20.0,43.33333333333333
LCA,Saint Lucia,Latin America and Caribbean,Upper middle income,66.66666666666666,20.0,43.33333333333333
LKA,Sri Lanka,South Asia,Lower middle income,66.66666666666666,20.0,43.33333333333333
LTU,Lithuania,Europe and Central Asia,High income,66.66666666666666,20.0,43.33333333333333
TUR,تركيا,Europe and Central Asia,Upper middle income,66.66666666666666,20.0,43.33333333333333
KOR,Republic of Korea,East Asia and Pacific,High income,66.66666666666666,20.0,43.33333333333333
LVA,Latvia,Europe and Central Asia,High income,66.66666666666666,20.0,43.33333333333333
GRC,Greece,Europe and Central Asia,High income,66.66666666666666,20.0,43.33333333333333
JPN,Japan,East Asia and Pacific,High income,66.66666666666666,20.0,43.33333333333333
KWT,Kuwait,Middle East and North Africa,High income,66.66666666666666,20.0,43.33333333333333
CHL,Chile,Latin America and Caribbean,High income,66.66666666666666,20.0,43.33333333333333
COL,Colombia,Latin America and Caribbean,Upper middle income,66.66666666666666,20.0,43.33333333333333
CRI,Costa Rica,Latin America and Caribbean,Upper middle income,66.66666666666666,20.0,43.33333333333333
FIN,Finland,Europe and Central Asia,High income,66.66666666666666,20.0,43.33333333333333
UNSDG_AUSTRALIANEWZEALAND,Australia and New Zealand (UNSDG),,,66.66666666666666,20.0,43.33333333333333
UNSDG_EUROPENORTHERNAMR,Europe and Northern America (UNSDG),,,66.66666666666666,20.0,43.33333333333333
UNSDG_MELANESIA,Melanesia (UNSDG),,,66.66666666666666,20.0,43.33333333333333
EST,Estonia,Europe and Central Asia,High income,66.66666666666666,20.0,43.33333333333333
UNICEF_WE,Europa Occidental,,,66.66666666666666,20.0,43.33333333333333
IRL,Ireland,Europe and Central Asia,High income,66.66666666666666,20.0,43.33333333333333
IRQ,Iraq,Middle East and North Africa,Upper middle income,66.66666666666666,20.0,43.33333333333333
UNSDG_WESTERNEUROPE,Western Europe (UNSDG),,,66.66666666666666,20.0,43.33333333333333
CMR,Cameroon,Sub-Saharan Africa,Lower middle income,66.66666666666666,20.0,43.33333333333333
BGR,Bulgaria,Europe and Central Asia,Upper middle income,66.66666666666666,20.0,43.33333333333333
HTI,Haiti,Latin America and Caribbean,Lower middle income,50.0,30.0,40.0
SOM,Somalia,Sub-Saharan Africa,Low income,50.0,30.0,40.0
SAU,Saudi Arabia,Middle East and North Africa,High income,50.0,30.0,40.0
SSD,South Sudan,Sub-Saharan Africa,Low income,50.0,30.0,40.0
BEL,Belgium,Europe and Central Asia,High income,66.66666666666666,10.0,38.33333333333333
MMR,Myanmar,East Asia and Pacific,Lower middle income,66.66666666666666,10.0,38.33333333333333
TGO,Togo,Sub-Saharan Africa,Low income,66.66666666666666,10.0,38.33333333333333
MAR,Morocco,Middle East and North Africa,Lower middle income,66.66666666666666,10.0,38.33333333333333
ARM,Armenia,Europe and Central Asia,Upper middle income,66.66666666666666,10.0,38.33333333333333
UNSDG_NORTHERNEUROPE,Northern Europe (UNSDG),,,66.66666666666666,10.0,38.33333333333333
UNSDG_EUROPE,Europe (UNSDG),,,66.66666666666666,10.0,38.33333333333333
ERI,Eritrea,Sub-Saharan Africa,Low income,66.66666666666666,10.0,38.33333333333333
GBR,United Kingdom,Europe and Central Asia,High income,66.66666666666666,10.0,38.33333333333333
ZAF,South Africa,Sub-Saharan Africa,Upper middle income,66.66666666666666,10.0,38.33333333333333
VEN,Venezuela (Bolivarian Republic of),Latin America and Caribbean,Upper middle income,66.66666666666666,10.0,38.33333333333333
CHN,China,East Asia and Pacific,Upper middle income,66.66666666666666,10.0,38.33333333333333
CZE,Czechia,Europe and Central Asia,High income,66.66666666666666,10.0,38.33333333333333
UNSDG_EASTERNEUROPE,Eastern Europe (UNSDG),,,66.66666666666666,10.0,38.33333333333333
COG,Congo,Sub-Saharan Africa,Lower middle income,66.66666666666666,10.0,38.33333333333333
NLD,هولندا,Europe and Central Asia,High income,66.66666666666666,10.0,38.33333333333333
SLB,Solomon Islands,East Asia and Pacific,Lower middle income,66.66666666666666,10.0,38.33333333333333
KAZ,Kazakhstan,Europe and Central Asia,Upper middle income,66.66666666666666,10.0,38.33333333333333
PNG,Papua New Guinea,East Asia and Pacific,Lower middle income,66.66666666666666,10.0,38.33333333333333
UKR,Ukraine,Europe and Central Asia,Lower middle income,66.66666666666666,10.0,38.33333333333333
BRB,Barbados,Latin America and Caribbean,High income,50.0,20.0,35.0
IRN,Iran (Islamic Republic of),Middle East and North Africa,Upper middle income,50.0,20.0,35.0
CPV,Cabo Verde,Sub-Saharan Africa,Lower middle income,50.0,20.0,35.0
CAN,Canada,North America,High income,50.0,20.0,35.0
BHR,Bahrain,Middle East and North Africa,High income,50.0,20.0,35.0
LBY,Libya,Middle East and North Africa,Upper middle income,50.0,20.0,35.0
RUS,Russian Federation,Europe and Central Asia,Upper middle income,50.0,20.0,35.0
HRV,Croatia,Europe and Central Asia,High income,33.33333333333333,30.0,31.666666666666664
PRK,Democratic People's Republic of Korea,East Asia and Pacific,Low income,50.0,10.0,30.0
GNQ,Equatorial Guinea,Sub-Saharan Africa,Upper middle income,50.0,10.0,30.0
SDN,Sudan,Middle East and North Africa,Low income,50.0,10.0,30.0
DJI,Djibouti,Middle East and North Africa,Lower middle income,50.0,10.0,30.0
MHL,Marshall Islands,East Asia and Pacific,Upper middle income,50.0,10.0,30.0
ARE,United Arab Emirates,Middle East and North Africa,High income,33.33333333333333,20.0,26.666666666666664
AUT,Austria,Europe and Central Asia,High income,33.33333333333333,20.0,26.666666666666664
ATG,Antigua and Barbuda,Latin America and Caribbean,High income,33.33333333333333,20.0,26.666666666666664
BHS,Bahamas,Latin America and Caribbean,High income,33.33333333333333,20.0,26.666666666666664
DNK,Denmark,Europe and Central Asia,High income,33.33333333333333,20.0,26.666666666666664
SVK,Slovakia,Europe and Central Asia,High income,33.33333333333333,20.0,26.666666666666664
NZL,New Zealand,East Asia and Pacific,High income,33.33333333333333,20.0,26.666666666666664
PLW,Palau,East Asia and Pacific,High income,33.33333333333333,20.0,26.666666666666664
LUX,Luxembourg,Europe and Central Asia,High income,33.33333333333333,20.0,26.666666666666664
ISL,Iceland,Europe and Central Asia,High income,33.33333333333333,20.0,26.666666666666664
ISR,Israel,Middle East and North Africa,High income,33.33333333333333,20.0,26.666666666666664
ITA,Italy,Europe and Central Asia,High income,33.33333333333333,20.0,26.666666666666664
NOR,Norway,Europe and Central Asia,High income,33.33333333333333,20.0,26.666666666666664
ESP,Spain,Europe and Central Asia,High income,33.33333333333333,20.0,26.666666666666664
HUN,Hungary,Europe and Central Asia,High income,33.33333333333333,20.0,26.666666666666664
FRA,France,Europe and Central Asia,High income,33.33333333333333,20.0,26.666666666666664
SWE,Sweden,Europe and Central Asia,High income,33.33333333333333,10.0,21.666666666666664
SVN,Slovenia,Europe and Central Asia,High income,33.33333333333333,10.0,21.666666666666664
COK,Cook Islands,,,33.33333333333333,10.0,21.666666666666664
CHE,Switzerland,Europe and Central Asia,High income,33.33333333333333,10.0,21.666666666666664
SMR,San Marino,,,33.33333333333333,10.0,21.666666666666664
MCO,Monaco,,,33.33333333333333,10.0,21.666666666666664
AND,Andorra,,,33.33333333333333,10.0,21.666666666666664
VCT,Saint Vincent and the Grenadines,Latin America and Caribbean,Upper middle income,16.666666666666664,20.0,18.333333333333332
GRD,Grenada,Latin America and Caribbean,Upper middle income,16.666666666666664,20.0,18.333333333333332
KNA,Saint Kitts and Nevis,Latin America and Caribbean,High income,16.666666666666664,20.0,18.333333333333332
CYP,Cyprus,Europe and Central Asia,High income,16.666666666666664,20.0,18.333333333333332
DMA,Dominica,Latin America and Caribbean,Upper middle income,16.666666666666664,20.0,18.333333333333332
UNICEF_REP_REG_GLOBAL,UNICEF reporting regions - Global,,,0.0,30.0,15.0
UNICEF_PROG_REG_GLOBAL,UNICEF Programme Regions - Global,,,0.0,30.0,15.0
FSM,Micronesia (Federated States of),East Asia and Pacific,,16.666666666666664,10.0,13.333333333333332
NIU,Niue,,,16.666666666666664,10.0,13.333333333333332
UNFPA_LAC,Latin America and the Caribbean (UNFPA),,,0.0,20.0,10.0
UNFPA_WCA,West and Central Africa (UNFPA),,,0.0,20.0,10.0
UNFPA_EECA,Europe de l’Est et Asie centrale,,,0.0,20.0,10.0
UNFPA_ESA,East and Southern Africa (UNFPA),,,0.0,20.0,10.0
WHO_REG_GLOBAL,World Health Organisation regions - Global,,,0.0,10.0,5.0
XKX,Kosovo (UNSCR 1244),,Upper middle income,0.0,10.0,5.0
AUREC_ECOWAS_202502,Economic Community of West African States (ECOWAS 2025),,,0.0,10.0,5.0
SDGRC_ESCAP_ECO,ESCAP_ECO (ECO),,,0.0,10.0,5.0
SDGRC_ESCAP_NORTH_AMERICA,ESCAP_North America (NAM),,,0.0,10.0,5.0
SDGRC_ESCAP_LATIN_AMERICA,ESCAP_Latin America (LAC),,,0.0,10.0,5.0
SDGRC_ESCAP_EUROPE,ESCAP_Europe (Europe),,,0.0,10.0,5.0
UNICEF_ESAR_OPS,ESAR (operational region),,,0.0,10.0,5.0
PRI,Puerto Rico,,High income,0.0,10.0,5.0
SDGRC_ESCAP_AFRICA,(SDGRC) ESCAP_Africa (AFR),,,0.0,10.0,5.0
MSR,Montserrat,,,0.0,10.0,5.0
NIC,Nicaragua,Latin America and Caribbean,Lower middle income,0.0,10.0,5.0
UNICEF_ECAR_OPS,ECAR (operational region),,,0.0,10.0,5.0
UNICEF_EAPR_OPS,EAPR (operational region),,,0.0,10.0,5.0
UNICEF_LACR_OPS,LACR (operational region),,,0.0,10.0,5.0
UNICEF_ROSA_OPS,ROSA (operational region),,,0.0,10.0,5.0
UNICEF_WCAR_OPS,WCAR (operational region),,,0.0,10.0,5.0
UNICEF_MENA_OPS,MENA (operational region),,,0.0,10.0,5.0
BMU,Bermuda,,,0.0,10.0,5.0
AIA,Anguilla,,,0.0,10.0,5.0
