iso3,country,region,income_group,Anaemia (WRA),Excl. Breastfeeding,Low Birth Weight,Overweight,Stunting
AFG,Afghanistan,South Asia,Low income,45.4,63.2718,,4.382,42.0422
AGO,Angola,Sub-Saharan Africa,Lower middle income,43.8,32.7,15.5278,4.7389,47.6773
ALB,Albania,Europe and Central Asia,Upper middle income,24.7,36.5385,5.9924,16.6834,7.3896
ARE,United Arab Emirates,Middle East and North Africa,High income,28.2,,13.9407,,
ARG,Argentina,Latin America and Caribbean,Upper middle income,23.5,31.9519,7.3616,14.2751,10.6918
ARM,Armenia,Europe and Central Asia,Upper middle income,18.7,44.4904,8.2723,12.867,6.1748
ATG,Antigua and Barbuda,Latin America and Caribbean,High income,20.3,,15.3555,,
AUS,Australia,East Asia and Pacific,High income,11.1,,6.5537,26.4308,3.1005
AUT,Austria,Europe and Central Asia,High income,16.7,,6.3054,,
AZE,Azerbaijan,Europe and Central Asia,Upper middle income,35.6,18.4198,11.0353,4.1889,6.8197
BDI,Burundi,Sub-Saharan Africa,Low income,39.0,83.3,14.7769,2.3776,55.2516
BEL,Belgium,Europe and Central Asia,High income,15.0,,6.7562,4.9067,2.6124
BEN,Benin,Sub-Saharan Africa,Lower middle income,50.0,44.9468,16.4458,3.7316,33.2171
BFA,Burkina Faso,Sub-Saharan Africa,Low income,44.3,51.2577,18.4687,2.8138,19.5408
BGD,Bangladesh,South Asia,Lower middle income,37.6,53.2855,23.0467,1.6215,25.0916
BGR,Bulgaria,Europe and Central Asia,Upper middle income,25.8,,11.3616,5.47,5.5262
BHR,Bahrain,Middle East and North Africa,High income,38.4,,12.4415,,4.624
BHS,Bahamas,Latin America and Caribbean,High income,18.8,,15.3972,,
BIH,Bosnia and Herzegovina,Europe and Central Asia,Upper middle income,26.0,18.1893,5.1547,13.0277,7.9154
BLZ,Belize,Latin America and Caribbean,Lower middle income,21.3,33.1646,11.559,5.6497,11.6866
BOL,Bolivia (Plurinational State of),Latin America and Caribbean,Lower middle income,24.9,55.6582,7.9334,9.8887,10.7258
BRA,Brazil,Latin America and Caribbean,Upper middle income,21.3,45.8,8.6981,10.8814,8.8894
BRB,Barbados,Latin America and Caribbean,High income,20.1,19.6969,,13.0229,5.7679
BRN,Brunei Darussalam,East Asia and Pacific,High income,18.3,,13.6415,9.4567,9.9426
BTN,Bhutan,South Asia,Lower middle income,33.8,69.4,11.431,7.9868,17.8741
BWA,Botswana,Sub-Saharan Africa,Upper middle income,30.9,29.9944,16.8344,11.4868,20.9845
CAF,Central African Republic,Sub-Saharan Africa,Low income,43.4,36.1522,16.3547,2.2882,38.9465
CAN,Canada,North America,High income,14.0,,6.6254,11.3564,
CHE,Switzerland,Europe and Central Asia,High income,16.6,,6.4161,,
CHL,Chile,Latin America and Caribbean,High income,15.7,,6.8367,8.7377,1.708
CHN,China,East Asia and Pacific,Upper middle income,15.6,35.1,4.9735,11.1292,4.5244
CIV,Côte d'Ivoire,Sub-Saharan Africa,Lower middle income,51.4,33.9636,18.2898,3.5278,20.2698
CMR,Cameroon,Sub-Saharan Africa,Lower middle income,38.9,39.4132,12.5126,13.5938,27.2051
COD,Democratic Republic of the Congo,Sub-Saharan Africa,Low income,40.0,52.2599,10.157,4.1562,44.0648
COG,Congo,Sub-Saharan Africa,Lower middle income,46.7,32.8551,11.9265,5.3014,16.2649
COL,Colombia,Latin America and Caribbean,Upper middle income,22.4,36.673,10.9528,6.7589,11.577
COM,Comoros,Sub-Saharan Africa,Lower middle income,29.9,22.5729,23.0272,3.9372,17.4404
CPV,Cabo Verde,Sub-Saharan Africa,Lower middle income,40.6,41.8,,8.3788,5.3011
CRI,Costa Rica,Latin America and Caribbean,Upper middle income,13.7,25.2885,8.7166,7.8727,10.6451
CUB,Cuba,Latin America and Caribbean,Upper middle income,22.2,40.5533,7.062,10.5514,7.321
CYP,Cyprus,Europe and Central Asia,High income,16.4,,,,
CZE,Czechia,Europe and Central Asia,High income,24.6,,7.6095,6.5779,2.3959
DEU,Germany,Europe and Central Asia,High income,14.0,,6.7141,3.3059,2.2237
DJI,Djibouti,Middle East and North Africa,Lower middle income,31.8,12.4,,5.4632,20.9271
DMA,Dominica,Latin America and Caribbean,Upper middle income,22.0,,,,
DNK,Denmark,Europe and Central Asia,High income,17.0,,4.8076,,
DOM,Dominican Republic,Latin America and Caribbean,Upper middle income,22.4,15.8444,13.4354,7.5052,5.6302
DZA,Algeria,Middle East and North Africa,Lower middle income,31.6,28.6316,7.1972,13.3175,8.938
ECU,Ecuador,Latin America and Caribbean,Upper middle income,20.2,39.6,10.6269,4.6901,17.7069
EGY,Egypt,Middle East and North Africa,Lower middle income,32.7,40.2,,11.2227,12.9438
ERI,Eritrea,Sub-Saharan Africa,Low income,35.6,68.7,15.1601,2.7503,47.9524
ESP,Spain,Europe and Central Asia,High income,15.6,,9.639,,
EST,Estonia,Europe and Central Asia,High income,24.7,,4.1737,5.5732,1.2996
ETH,Ethiopia,Sub-Saharan Africa,Low income,23.1,58.8143,,3.3389,35.5319
FIN,Finland,Europe and Central Asia,High income,13.6,,4.0692,4.7451,1.6977
FJI,Fiji,East Asia and Pacific,Upper middle income,29.9,42.8527,7.4019,7.3231,7.2143
FRA,France,Europe and Central Asia,High income,13.1,,7.429,,
GAB,Gabon,Sub-Saharan Africa,Upper middle income,59.9,19.3594,14.6498,6.0688,13.7443
GBR,United Kingdom,Europe and Central Asia,High income,13.6,,6.8271,7.7935,3.5059
GEO,Georgia,Europe and Central Asia,Upper middle income,30.2,20.3753,7.4206,4.1177,4.7281
GHA,Ghana,Sub-Saharan Africa,Lower middle income,36.0,52.5853,14.4159,1.7962,15.5749
GIN,Guinea,Sub-Saharan Africa,Low income,45.7,43.7,,4.4056,26.631
GMB,Gambia,Sub-Saharan Africa,Low income,46.1,53.6345,13.2491,2.7328,13.9945
GNB,Guinea-Bissau,Sub-Saharan Africa,Low income,45.7,59.3486,19.5489,3.6045,28.3146
GNQ,Equatorial Guinea,Sub-Saharan Africa,Upper middle income,41.3,7.4,,7.4615,17.1437
GRC,Greece,Europe and Central Asia,High income,15.6,,11.4059,13.4846,1.9711
GRD,Grenada,Latin America and Caribbean,Upper middle income,20.9,,,,
GTM,Guatemala,Latin America and Caribbean,Upper middle income,10.5,58.5,14.4944,3.7429,44.5876
GUY,Guyana,Latin America and Caribbean,Upper middle income,37.5,28.5434,17.1631,4.9794,7.0904
HND,Honduras,Latin America and Caribbean,Lower middle income,18.8,30.2217,13.0945,4.1966,17.8803
HRV,Croatia,Europe and Central Asia,High income,23.3,,4.9945,,
HTI,Haiti,Latin America and Caribbean,Lower middle income,45.9,39.8753,,3.906,21.5532
HUN,Hungary,Europe and Central Asia,High income,24.1,,8.3165,,
IDN,Indonesia,East Asia and Pacific,Lower middle income,26.7,50.6726,9.9342,2.6028,22.6396
IND,India,South Asia,Lower middle income,53.7,63.6885,27.4353,3.7015,32.9066
IRL,Ireland,Europe and Central Asia,High income,14.0,,5.6457,11.1793,2.159
IRN,Iran (Islamic Republic of),Middle East and North Africa,Upper middle income,25.5,47.4,,2.7424,4.828
IRQ,Iraq,Middle East and North Africa,Upper middle income,27.1,25.8224,10.8614,4.6076,9.4151
ISL,Iceland,Europe and Central Asia,High income,14.7,,3.9928,,
ISR,Israel,Middle East and North Africa,High income,14.6,,8.9839,,
ITA,Italy,Europe and Central Asia,High income,16.4,,7.2106,,
JAM,Jamaica,Latin America and Caribbean,Upper middle income,21.5,32.9926,13.6812,5.0607,6.8575
JOR,Jordan,Middle East and North Africa,Upper middle income,33.0,23.9101,18.9367,10.6022,7.6614
JPN,Japan,East Asia and Pacific,High income,18.7,,11.3047,1.9618,5.1694
KAZ,Kazakhstan,Europe and Central Asia,Upper middle income,30.5,37.7719,5.2911,8.7274,4.4346
KEN,Kenya,Sub-Saharan Africa,Lower middle income,32.2,59.7122,9.9711,4.3344,17.9087
KGZ,Kyrgyzstan,Europe and Central Asia,Lower middle income,32.9,44.2549,6.0377,9.8526,11.0389
KHM,Cambodia,East Asia and Pacific,Lower middle income,38.0,50.2936,11.449,5.6724,21.9644
KIR,Kiribati,East Asia and Pacific,Lower middle income,26.9,63.5852,9.0314,2.1147,14.655
KNA,Saint Kitts and Nevis,Latin America and Caribbean,High income,19.4,,,,
KOR,Republic of Korea,East Asia and Pacific,High income,15.7,,7.4631,5.4947,1.8301
KWT,Kuwait,Middle East and North Africa,High income,27.7,,14.366,10.0813,4.456
LAO,Lao People's Democratic Republic,East Asia and Pacific,Lower middle income,28.6,50.3193,16.7323,3.7132,29.8514
LBN,Lebanon,Middle East and North Africa,Upper middle income,34.0,22.7,12.5996,4.5351,10.0694
LBR,Liberia,Sub-Saharan Africa,Low income,42.5,55.2284,19.8813,6.0982,26.887
LBY,Libya,Middle East and North Africa,Upper middle income,29.3,,,4.7272,9.1545
LCA,Saint Lucia,Latin America and Caribbean,Upper middle income,19.9,3.497,16.2511,6.7593,2.7981
LKA,Sri Lanka,South Asia,Lower middle income,20.9,80.9288,17.9783,0.9076,10.092
LSO,Lesotho,Sub-Saharan Africa,Lower middle income,34.2,60.7438,14.4474,7.5115,34.9908
LTU,Lithuania,Europe and Central Asia,High income,23.7,,4.3979,4.5955,1.5518
LUX,Luxembourg,Europe and Central Asia,High income,15.4,,7.7499,,
LVA,Latvia,Europe and Central Asia,High income,21.4,,4.2326,6.6324,1.6717
MAR,Morocco,Middle East and North Africa,Lower middle income,29.5,35.0,14.7665,11.1755,13.6869
MDA,Republic of Moldova,Europe and Central Asia,Lower middle income,28.5,36.3703,6.4705,4.0635,4.2028
MDG,Madagascar,Sub-Saharan Africa,Low income,37.2,54.4131,18.7121,2.3351,38.3883
MDV,Maldives,South Asia,Upper middle income,43.4,63.0329,13.7183,3.0498,14.1944
MEX,Mexico,Latin America and Caribbean,Upper middle income,13.2,34.9976,10.1538,7.4357,13.0646
MHL,Marshall Islands,East Asia and Pacific,Upper middle income,23.5,43.1171,,4.6007,29.9566
MKD,North Macedonia,Europe and Central Asia,Upper middle income,21.5,27.519,8.2921,12.2665,3.7789
MLI,Mali,Sub-Saharan Africa,Low income,56.5,40.3986,,1.2956,23.229
MLT,Malta,Europe and Central Asia,High income,15.7,,7.1841,10.1399,3.4926
MMR,Myanmar,East Asia and Pacific,Lower middle income,39.7,51.2379,12.4843,0.6229,24.4791
MNE,Montenegro,Europe and Central Asia,Upper middle income,25.8,19.5167,6.232,8.6033,7.9979
MNG,Mongolia,East Asia and Pacific,Lower middle income,19.1,51.1,4.8965,12.2926,7.0533
MOZ,Mozambique,Sub-Saharan Africa,Low income,47.0,55.5006,17.7602,4.4273,37.022
MRT,Mauritania,Sub-Saharan Africa,Lower middle income,54.5,40.8994,,1.6147,21.485
MUS,Mauritius,Sub-Saharan Africa,Upper middle income,32.8,,18.6944,4.7672,7.7905
MWI,Malawi,Sub-Saharan Africa,Low income,32.4,64.0525,15.5764,4.4442,33.155
MYS,Malaysia,East Asia and Pacific,Upper middle income,31.3,40.3,13.8114,5.2596,24.3234
NAM,Namibia,Sub-Saharan Africa,Upper middle income,24.9,48.3248,15.5815,5.7853,16.4184
NER,Niger,Sub-Saharan Africa,Low income,47.1,24.5068,,2.5859,48.2902
NGA,Nigeria,Sub-Saharan Africa,Lower middle income,37.9,28.7778,,1.6199,33.8114
NIC,Nicaragua,Latin America and Caribbean,Lower middle income,,31.7,,,
NLD,هولندا,Europe and Central Asia,High income,16.5,,5.6518,5.4121,1.6342
NOR,Norway,Europe and Central Asia,High income,16.3,,4.443,,
NPL,Nepal,South Asia,Lower middle income,33.2,56.3988,19.7315,1.7723,26.0291
NRU,Nauru,East Asia and Pacific,High income,22.5,52.7778,,8.1638,16.0314
NZL,New Zealand,East Asia and Pacific,High income,12.4,,5.8572,,
OMN,Oman,Middle East and North Africa,High income,34.4,23.2,13.2359,8.7556,12.9155
PAK,Pakistan,South Asia,Lower middle income,46.5,47.8389,,2.0695,33.5728
PAN,Panama,Latin America and Caribbean,High income,25.5,21.4595,10.2837,10.8623,14.0063
PER,Peru,Latin America and Caribbean,Upper middle income,21.0,70.087,7.4716,9.0269,10.6201
PHL,Philippines,East Asia and Pacific,Lower middle income,12.0,40.8973,21.1441,3.3079,27.7063
PLW,Palau,East Asia and Pacific,High income,25.9,,13.5251,,
PNG,Papua New Guinea,East Asia and Pacific,Lower middle income,28.8,59.6814,19.3803,18.4608,47.5968
POL,Poland,Europe and Central Asia,High income,23.4,,5.6069,8.5559,1.0226
PRK,Democratic People's Republic of Korea,East Asia and Pacific,Low income,27.5,71.4,,3.3478,16.6195
PRT,Portugal,Europe and Central Asia,High income,15.0,,8.9226,9.3611,3.1509
PRY,Paraguay,Latin America and Caribbean,Upper middle income,23.2,29.5936,9.96,15.3954,3.2005
PSE,State of Palestine,Middle East and North Africa,Lower middle income,24.8,38.8956,10.3729,8.8213,7.9948
QAT,Qatar,Middle East and North Africa,High income,23.6,45.3747,9.9559,8.6309,5.4412
ROU,Romania,Europe and Central Asia,Upper middle income,24.3,15.8,8.8178,4.8187,6.9796
RUS,Russian Federation,Europe and Central Asia,Upper middle income,24.1,,7.2682,9.5126,
RWA,Rwanda,Sub-Saharan Africa,Low income,16.1,80.8959,9.3985,5.0721,29.7876
SAU,Saudi Arabia,Middle East and North Africa,High income,17.6,,,8.4482,11.1447
SDN,Sudan,Middle East and North Africa,Low income,34.0,54.5954,,2.578,35.3849
SEN,Senegal,Sub-Saharan Africa,Lower middle income,43.1,34.4042,17.2494,2.1285,17.1728
SGP,Singapore,East Asia and Pacific,High income,16.6,,10.951,3.8171,2.7867
SLB,Solomon Islands,East Asia and Pacific,Lower middle income,32.6,76.2,13.2339,6.2189,29.8116
SLE,Sierra Leone,Sub-Saharan Africa,Low income,44.6,50.8875,10.3437,5.4497,25.1992
SLV,El Salvador,Latin America and Caribbean,Lower middle income,14.4,45.3,10.223,8.4592,9.4267
SOM,Somalia,Sub-Saharan Africa,Low income,46.2,33.7,,2.4645,23.857
SRB,Serbia,Europe and Central Asia,Upper middle income,24.9,23.6319,6.2023,12.2284,4.5553
SSD,South Sudan,Sub-Saharan Africa,Low income,35.0,44.5377,,4.2519,29.9664
STP,Sao Tome and Principe,Sub-Saharan Africa,Lower middle income,39.7,63.0553,11.1148,6.4154,9.9549
SUR,Suriname,Latin America and Caribbean,Upper middle income,22.2,8.9162,16.4645,3.7287,7.9524
SVK,Slovakia,Europe and Central Asia,High income,25.3,,7.823,,
SVN,Slovenia,Europe and Central Asia,High income,25.7,,6.2901,,
SWE,Sweden,Europe and Central Asia,High income,16.8,,4.1218,,
SWZ,Eswatini,Sub-Saharan Africa,Lower middle income,28.3,54.0052,10.2016,10.2169,18.8842
SYC,Seychelles,Sub-Saharan Africa,High income,25.8,,12.4838,10.8732,6.1983
SYR,Syrian Arab Republic,Middle East and North Africa,Low income,31.0,28.5,,11.0196,23.5031
TCD,Chad,Sub-Saharan Africa,Low income,46.5,7.3531,,2.4527,31.5206
TGO,Togo,Sub-Saharan Africa,Low income,41.5,64.3296,14.2814,3.5926,22.9679
THA,Thailand,East Asia and Pacific,Upper middle income,20.7,28.575,10.3029,9.8904,12.3406
TJK,Tajikistan,Europe and Central Asia,Lower middle income,37.3,40.7846,8.7161,4.5814,13.105
TKM,Turkmenistan,Europe and Central Asia,Upper middle income,34.8,56.4768,4.2878,4.7607,6.4572
TLS,Timor-Leste,East Asia and Pacific,Lower middle income,29.7,64.9747,18.212,1.1906,45.4021
TON,Tonga,East Asia and Pacific,Upper middle income,20.7,39.5748,,9.4648,1.6145
TTO,Trinidad and Tobago,Latin America and Caribbean,High income,22.1,30.4509,16.2741,14.9765,7.7989
TUN,Tunisia,Middle East and North Africa,Lower middle income,27.7,17.8167,8.2371,17.479,8.8729
TUR,تركيا,Europe and Central Asia,Upper middle income,29.3,40.7,12.8968,7.7012,5.5059
TUV,Tuvalu,East Asia and Pacific,Upper middle income,23.2,43.7958,,4.0729,5.2585
TZA,United Republic of Tanzania,Sub-Saharan Africa,Lower middle income,38.8,64.3,9.7036,4.733,29.9333
UGA,Uganda,Sub-Saharan Africa,Low income,27.2,65.4631,,4.229,23.4973
UKR,Ukraine,Europe and Central Asia,Lower middle income,19.4,19.7287,5.726,15.9817,11.6714
URY,Uruguay,Latin America and Caribbean,High income,24.5,51.3423,7.803,13.4986,6.5222
USA,United States,North America,High income,15.0,25.7992,8.2614,9.694,4.2096
UZB,Uzbekistan,Europe and Central Asia,Lower middle income,30.4,25.2042,5.8485,5.5178,6.6985
VCT,Saint Vincent and the Grenadines,Latin America and Caribbean,Upper middle income,18.8,,,,
VEN,Venezuela (Bolivarian Republic of),Latin America and Caribbean,Upper middle income,25.2,,9.3029,7.3194,11.665
VNM,Viet Nam,East Asia and Pacific,Lower middle income,20.5,45.4294,6.3112,10.5078,19.1648
VUT,Vanuatu,East Asia and Pacific,Lower middle income,30.4,75.9419,13.0626,5.5,31.037
WSM,Samoa,East Asia and Pacific,Lower middle income,21.9,51.7396,,9.4475,8.4156
YEM,Yemen,Middle East and North Africa,Low income,36.4,9.6996,,1.6736,47.412
ZAF,South Africa,Sub-Saharan Africa,Upper middle income,31.2,31.6147,16.6384,12.8154,24.3791
ZMB,Zambia,Sub-Saharan Africa,Lower middle income,27.1,64.1,11.2469,6.3325,32.3429
ZWE,Zimbabwe,Sub-Saharan Africa,Lower middle income,27.5,42.4,11.8297,3.9648,23.7133
